<?xml version="1.0" encoding="UTF-8"?>
<!DOCTYPE fontscolors PUBLIC "-//NetBeans//DTD Editor Fonts and Colors settings 1.1//EN" "http://www.netbeans.org/dtds/EditorFontsColors-1_1.dtd">
<fontscolors>
    <fontcolor bgColor="orange" foreColor="black" name="nbeditor-bracesMatching-match"/>
    <fontcolor foreColor="white" name="text-limit-line-color"/>
    <fontcolor foreColor="white" name="code-folding"/>
    <fontcolor foreColor="ffcc0099" name="synchronized-text-blocks-ext"/>
    <fontcolor bgColor="red" foreColor="white" name="nbeditor-bracesMatching-mismatch"/>
    <fontcolor bgColor="ff022802" name="highlight-caret-row"/>
    <fontcolor bgColor="white" foreColor="white" name="caret-color-overwrite-mode"/>
    <fontcolor name="status-bar"/>
    <fontcolor bgColor="magenta" name="guarded"/>
    <fontcolor name="trailing-whitespace"/>
    <fontcolor bgColor="red" foreColor="white" name="nbeditor-bracesMatching-mismatch-multichar"/>
    <fontcolor foreColor="white" name="code-folding-border"/>
    <fontcolor foreColor="white" name="west-sidebars-color"/>
    <fontcolor foreColor="red" name="status-bar-bold"/>
    <fontcolor foreColor="red" name="nbeditor-bracesMatching-sidebar"/>
    <fontcolor foreColor="white" name="line-number"/>
    <fontcolor bgColor="darkGray" name="readonly-files"/>
    <fontcolor bgColor="red" foreColor="white" name="highlight-search"/>
    <fontcolor foreColor="white" name="code-folding-bar"/>
    <fontcolor foreColor="ff996600" name="synchronized-text-blocks-ext-slave"/>
    <fontcolor foreColor="white" name="indent-guide-lines"/>
    <fontcolor foreColor="white" name="indent-whitespace"/>
    <fontcolor bgColor="lightGray" foreColor="white" name="block-search"/>
    <fontcolor bgColor="ff554c02" foreColor="green" name="selection"/>
    <fontcolor bgColor="red" foreColor="ffff8100" name="inc-search"/>
    <fontcolor bgColor="fffd9c4c" foreColor="black" name="nbeditor-bracesMatching-match-multichar"/>
    <fontcolor bgColor="white" foreColor="white" name="caret-color-insert-mode"/>
    <fontcolor foreColor="blue" name="hyperlinks" underline="blue"/>
</fontscolors>
