<?xml version="1.0" encoding="UTF-8"?>
<library xmlns="http://www.netbeans.org/ns/library-declaration/3" version="3.0">
    <name>eclipselink</name>
    <type>j2se</type>
    <localizing-bundle>org.netbeans.modules.j2ee.eclipselink.Bundle</localizing-bundle>
    <volume>
        <type>classpath</type>
    </volume>
    <volume>
        <type>src</type>
    </volume>
    <volume>
        <type>javadoc</type>
        <resource>jar:nbinst://org.netbeans.modules.j2ee.eclipselink/modules/ext/docs/javax.persistence-2.1.0-doc.zip!/</resource>
    </volume>
    <volume>
        <type>maven-pom</type>
    </volume>
    <properties>
        <property>
            <name>maven-dependencies</name>
            <value>
                org.eclipse.persistence:org.eclipse.persistence.core:2.5.2:jar
                org.eclipse.persistence:org.eclipse.persistence.asm:2.5.2:jar
                org.eclipse.persistence:org.eclipse.persistence.antlr:2.5.2:jar
                org.eclipse.persistence:org.eclipse.persistence.jpa:2.5.2:jar
                org.eclipse.persistence:org.eclipse.persistence.jpa.jpql:2.5.2:jar
                org.eclipse.persistence:org.eclipse.persistence.moxy:2.5.2
                org.eclipse.persistence:javax.persistence:2.1.0:jar
            </value>
        </property>
    </properties>
</library>
