<?xml version="1.0" encoding="UTF-8"?>
<library xmlns="http://www.netbeans.org/ns/library-declaration/3" version="3.0">
    <name>spring-webmvc3.0</name>
    <type>j2se</type>
    <localizing-bundle>org.netbeans.modules.spring.webmvc.resources.Bundle</localizing-bundle>
    <volume>
        <type>classpath</type>
    </volume>
    <volume>
        <type>src</type>
    </volume>
    <volume>
        <type>javadoc</type>
    </volume>
    <volume>
        <type>maven-pom</type>
    </volume>
    <properties>
        <property>
            <name>maven-dependencies</name>
            <value>org.springframework:spring-webmvc:3.2.7.RELEASE:jar</value>
        </property>
    </properties>
</library>
