<?xml version="1.0" encoding="UTF-8"?>
<library xmlns="http://www.netbeans.org/ns/library-declaration/3" version="3.0">
    <name>spring-framework300</name>
    <type>j2se</type>
    <localizing-bundle>org.netbeans.libs.springframework.Bundle</localizing-bundle>
    <volume>
        <type>classpath</type>
        <resource>jar:nbinst://org.apache.commons.logging/modules/org-apache-commons-logging.jar!/</resource>
        <resource>jar:nbinst://org.netbeans.libs.cglib/modules/ext/cglib-2.2.jar!/</resource>
        <resource>jar:nbinst://org.netbeans.libs.springframework/modules/ext/spring-3.0/spring-aop-3.2.18.RELEASE.jar!/</resource>
        <resource>jar:nbinst://org.netbeans.libs.springframework/modules/ext/spring-3.0/spring-aspects-3.2.18.RELEASE.jar!/</resource>
        <resource>jar:nbinst://org.netbeans.libs.springframework/modules/ext/spring-3.0/spring-beans-3.2.18.RELEASE.jar!/</resource>
        <resource>jar:nbinst://org.netbeans.libs.springframework/modules/ext/spring-3.0/spring-context-3.2.18.RELEASE.jar!/</resource>
        <resource>jar:nbinst://org.netbeans.libs.springframework/modules/ext/spring-3.0/spring-context-support-3.2.18.RELEASE.jar!/</resource>
        <resource>jar:nbinst://org.netbeans.libs.springframework/modules/ext/spring-3.0/spring-core-3.2.18.RELEASE.jar!/</resource>
        <resource>jar:nbinst://org.netbeans.libs.springframework/modules/ext/spring-3.0/spring-expression-3.2.18.RELEASE.jar!/</resource>
        <resource>jar:nbinst://org.netbeans.libs.springframework/modules/ext/spring-3.0/spring-instrument-3.2.18.RELEASE.jar!/</resource>
        <resource>jar:nbinst://org.netbeans.libs.springframework/modules/ext/spring-3.0/spring-instrument-tomcat-3.2.18.RELEASE.jar!/</resource>
        <resource>jar:nbinst://org.netbeans.libs.springframework/modules/ext/spring-3.0/spring-jdbc-3.2.18.RELEASE.jar!/</resource>
        <resource>jar:nbinst://org.netbeans.libs.springframework/modules/ext/spring-3.0/spring-jms-3.2.18.RELEASE.jar!/</resource>
        <resource>jar:nbinst://org.netbeans.libs.springframework/modules/ext/spring-3.0/spring-orm-3.2.18.RELEASE.jar!/</resource>
        <resource>jar:nbinst://org.netbeans.libs.springframework/modules/ext/spring-3.0/spring-oxm-3.2.18.RELEASE.jar!/</resource>
        <resource>jar:nbinst://org.netbeans.libs.springframework/modules/ext/spring-3.0/spring-struts-3.2.18.RELEASE.jar!/</resource>
        <resource>jar:nbinst://org.netbeans.libs.springframework/modules/ext/spring-3.0/spring-test-3.2.18.RELEASE.jar!/</resource>
        <resource>jar:nbinst://org.netbeans.libs.springframework/modules/ext/spring-3.0/spring-tx-3.2.18.RELEASE.jar!/</resource>
        <resource>jar:nbinst://org.netbeans.libs.springframework/modules/ext/spring-3.0/spring-web-3.2.18.RELEASE.jar!/</resource>
        <resource>jar:nbinst://org.netbeans.libs.springframework/modules/ext/spring-3.0/spring-webmvc-3.2.18.RELEASE.jar!/</resource>
        <resource>jar:nbinst://org.netbeans.libs.springframework/modules/ext/spring-3.0/spring-webmvc-portlet-3.2.18.RELEASE.jar!/</resource>
    </volume>
    <volume>
        <type>src</type>
    </volume>
    <volume>
        <type>javadoc</type>
    </volume>
    <volume>
        <type>maven-pom</type>
    </volume>
    <properties>
        <property>
            <name>maven-dependencies</name>
            <value>
                org.springframework:spring-aop:3.2.18.RELEASE:jar
                org.springframework:spring-aspects:3.2.18.RELEASE:jar
                org.springframework:spring-beans:3.2.18.RELEASE:jar
                org.springframework:spring-context:3.2.18.RELEASE:jar
                org.springframework:spring-context-support:3.2.18.RELEASE:jar
                org.springframework:spring-core:3.2.18.RELEASE:jar
                org.springframework:spring-expression:3.2.18.RELEASE:jar
                org.springframework:spring-framework-bom:3.2.18.RELEASE:pom
                org.springframework:spring-instrument:3.2.18.RELEASE:jar
                org.springframework:spring-instrument-tomcat:3.2.18.RELEASE:jar
                org.springframework:spring-jdbc:3.2.18.RELEASE:jar
                org.springframework:spring-jms:3.2.18.RELEASE:jar
                org.springframework:spring-orm:3.2.18.RELEASE:jar
                org.springframework:spring-oxm:3.2.18.RELEASE:jar
                org.springframework:spring-struts:3.2.18.RELEASE:jar
                org.springframework:spring-test:3.2.18.RELEASE:jar
                org.springframework:spring-tx:3.2.18.RELEASE:jar
                org.springframework:spring-web:3.2.18.RELEASE:jar
                org.springframework:spring-webmvc:3.2.18.RELEASE:jar
                org.springframework:spring-webmvc-portlet:3.2.18.RELEASE:jar
            </value>
        </property>
    </properties>
</library>
