<?xml version="1.0" encoding="UTF-8"?>
<library xmlns="http://www.netbeans.org/ns/library-declaration/3" version="3.0">
    <name>Conector_JDBC_mysql</name>
    <type>j2se</type>
    <display-name>Conector JDBC_mysql</display-name>
    <volume>
        <type>classpath</type>
        <resource>jar:file:/home/davidf/netbeans-12.0/netbeans/A_MIS_LIBRERIAS/mysql-connector-java-8.0.24.jar!/</resource>
    </volume>
    <volume>
        <type>src</type>
    </volume>
    <volume>
        <type>javadoc</type>
    </volume>
    <volume>
        <type>maven-pom</type>
    </volume>
    <properties/>
</library>
