<?xml version="1.0" encoding="UTF-8"?>
<!DOCTYPE fontscolors PUBLIC "-//NetBeans//DTD Editor Fonts and Colors settings 1.1//EN" "http://www.netbeans.org/dtds/EditorFontsColors-1_1.dtd">
<fontscolors>
    <fontcolor default="identifier" name="identifier"/>
    <fontcolor bgColor="black" default="default" foreColor="green" name="tag-lib-prefix"/>
    <fontcolor default="whitespace" name="eol"/>
    <fontcolor default="keyword" name="keywords"/>
    <fontcolor default="number" name="numeric-literals"/>
    <fontcolor default="string" name="string"/>
    <fontcolor default="char" name="char-literal"/>
    <fontcolor default="operator" name="operators"/>
    <fontcolor default="whitespace" name="whitespace"/>
    <fontcolor default="error" name="errors"/>
    <fontcolor bgColor="black" default="default" foreColor="green" name="layer-method"/>
</fontscolors>
