<?xml version="1.0" encoding="UTF-8"?>
<library xmlns="http://www.netbeans.org/ns/library-declaration/3" version="3.0">
    <name>DB4O-Database4Object</name>
    <type>j2se</type>
    <display-name>DB4O-Database4Object</display-name>
    <volume>
        <type>classpath</type>
        <resource>jar:file:/home/davidf/netbeans-12.0/netbeans/A_MIS_LIBRERIAS/db4o/db4o-8.0.236.16058-core-java5.jar!/</resource>
        <resource>jar:file:/home/davidf/netbeans-12.0/netbeans/A_MIS_LIBRERIAS/db4o/db4o-8.0.236.16058-nqopt-java5.jar!/</resource>
    </volume>
    <volume>
        <type>src</type>
    </volume>
    <volume>
        <type>javadoc</type>
    </volume>
    <volume>
        <type>maven-pom</type>
    </volume>
    <properties/>
</library>
