<?xml version="1.0" encoding="UTF-8"?>
<library xmlns="http://www.netbeans.org/ns/library-declaration/3" version="3.0">
    <name>NB-HIBERNATE-JPA</name>
    <type>j2se</type>
    <display-name>NB-HIBERNATE-JPA</display-name>
    <volume>
        <type>classpath</type>
        <resource>jar:file:/home/davidf/netbeans-12.0/netbeans/NB_HIBERNATE_JPA/FastInfoset-1.2.15.jar!/</resource>
        <resource>jar:file:/home/davidf/netbeans-12.0/netbeans/NB_HIBERNATE_JPA/antlr-2.7.7.jar!/</resource>
        <resource>jar:file:/home/davidf/netbeans-12.0/netbeans/NB_HIBERNATE_JPA/byte-buddy-1.10.21.jar!/</resource>
        <resource>jar:file:/home/davidf/netbeans-12.0/netbeans/NB_HIBERNATE_JPA/c3p0-0.9.5.5.jar!/</resource>
        <resource>jar:file:/home/davidf/netbeans-12.0/netbeans/NB_HIBERNATE_JPA/classmate-1.5.1.jar!/</resource>
        <resource>jar:file:/home/davidf/netbeans-12.0/netbeans/NB_HIBERNATE_JPA/dom4j-2.1.3.jar!/</resource>
        <resource>jar:file:/home/davidf/netbeans-12.0/netbeans/NB_HIBERNATE_JPA/hibernate-c3p0-5.4.31.Final.jar!/</resource>
        <resource>jar:file:/home/davidf/netbeans-12.0/netbeans/NB_HIBERNATE_JPA/hibernate-commons-annotations-5.1.2.Final.jar!/</resource>
        <resource>jar:file:/home/davidf/netbeans-12.0/netbeans/NB_HIBERNATE_JPA/hibernate-core-5.4.31.Final.jar!/</resource>
        <resource>jar:file:/home/davidf/netbeans-12.0/netbeans/NB_HIBERNATE_JPA/hibernate-envers-5.4.31.Final.jar!/</resource>
        <resource>jar:file:/home/davidf/netbeans-12.0/netbeans/NB_HIBERNATE_JPA/hibernate-jpamodelgen-5.4.31.Final.jar!/</resource>
        <resource>jar:file:/home/davidf/netbeans-12.0/netbeans/NB_HIBERNATE_JPA/istack-commons-runtime-3.0.7.jar!/</resource>
        <resource>jar:file:/home/davidf/netbeans-12.0/netbeans/NB_HIBERNATE_JPA/jandex-2.2.3.Final.jar!/</resource>
        <resource>jar:file:/home/davidf/netbeans-12.0/netbeans/NB_HIBERNATE_JPA/javassist-3.27.0-GA.jar!/</resource>
        <resource>jar:file:/home/davidf/netbeans-12.0/netbeans/NB_HIBERNATE_JPA/javax.activation-api-1.2.0.jar!/</resource>
        <resource>jar:file:/home/davidf/netbeans-12.0/netbeans/NB_HIBERNATE_JPA/javax.persistence-api-2.2.jar!/</resource>
        <resource>jar:file:/home/davidf/netbeans-12.0/netbeans/NB_HIBERNATE_JPA/jaxb-api-2.3.1.jar!/</resource>
        <resource>jar:file:/home/davidf/netbeans-12.0/netbeans/NB_HIBERNATE_JPA/jaxb-runtime-2.3.1.jar!/</resource>
        <resource>jar:file:/home/davidf/netbeans-12.0/netbeans/NB_HIBERNATE_JPA/jboss-logging-3.4.1.Final.jar!/</resource>
        <resource>jar:file:/home/davidf/netbeans-12.0/netbeans/NB_HIBERNATE_JPA/jboss-transaction-api_1.2_spec-1.1.1.Final.jar!/</resource>
        <resource>jar:file:/home/davidf/netbeans-12.0/netbeans/NB_HIBERNATE_JPA/mchange-commons-java-0.2.19.jar!/</resource>
        <resource>jar:file:/home/davidf/netbeans-12.0/netbeans/NB_HIBERNATE_JPA/mysql-connector-java-8.0.24.jar!/</resource>
        <resource>jar:file:/home/davidf/netbeans-12.0/netbeans/NB_HIBERNATE_JPA/stax-ex-1.8.jar!/</resource>
        <resource>jar:file:/home/davidf/netbeans-12.0/netbeans/NB_HIBERNATE_JPA/txw2-2.3.1.jar!/</resource>
    </volume>
    <volume>
        <type>src</type>
    </volume>
    <volume>
        <type>javadoc</type>
    </volume>
    <volume>
        <type>maven-pom</type>
    </volume>
    <properties/>
</library>
