<?xml version="1.0" ?>
<history>
<sql date="1620615529427" url="jdbc:mysql://localhost:3306/hibernate_test?zeroDateTimeBehavior=CONVERT_TO_NULL">SELECT DB_NAME() AS [Current Database]</sql>
<sql date="1620615561384" url="jdbc:mysql://localhost:3306/hibernate_test?zeroDateTimeBehavior=CONVERT_TO_NULL">SELECT DB_NAME(database_id) AS hibernate_test, database_id  
FROM sys.databases</sql>
<sql date="1620638461159" url="jdbc:mysql://localhost:3306/hibernate_test?zeroDateTimeBehavior=CONVERT_TO_NULL">SELECT * FROM coches</sql>
<sql date="1620615542965" url="jdbc:mysql://localhost:3306/hibernate_test?zeroDateTimeBehavior=CONVERT_TO_NULL">SELECT DB_NAME(database_id) AS [Database], database_id  
FROM sys.databases</sql>
<sql date="1620615580175" url="jdbc:mysql://localhost:3306/hibernate_test?zeroDateTimeBehavior=CONVERT_TO_NULL">SELECT * FROM venom</sql>
<sql date="1620615437310" url="jdbc:mysql://localhost:3306/hibernate_test?zeroDateTimeBehavior=CONVERT_TO_NULL">show DATABASE</sql>
<sql date="1620615428624" url="jdbc:mysql://localhost:3306/hibernate_test?zeroDateTimeBehavior=CONVERT_TO_NULL">show @COLUMNS</sql>
<sql date="1620615420039" url="jdbc:mysql://localhost:3306/hibernate_test?zeroDateTimeBehavior=CONVERT_TO_NULL">show @@COLUMNS</sql>
<sql date="1620615449998" url="jdbc:mysql://localhost:3306/hibernate_test?zeroDateTimeBehavior=CONVERT_TO_NULL">@@DATABASE</sql>
</history>