<?xml version="1.0" encoding="UTF-8"?>
<!DOCTYPE fontscolors PUBLIC "-//NetBeans//DTD Editor Fonts and Colors settings 1.1//EN" "http://www.netbeans.org/dtds/EditorFontsColors-1_1.dtd">
<fontscolors>
    <fontcolor default="whitespace" name="expression-language"/>
    <fontcolor default="default" foreColor="green" name="symbol"/>
    <fontcolor default="default" foreColor="green" name="attribute-value"/>
    <fontcolor default="default" name="scriptlet"/>
    <fontcolor default="default" foreColor="green" name="tag-directive"/>
    <fontcolor default="default" foreColor="green" name="attribute-name"/>
    <fontcolor default="default" foreColor="ff0000e6" name="endtag">
        <font style="bold"/>
    </fontcolor>
    <fontcolor default="default" foreColor="green" name="scriptlet-delimiter"/>
    <fontcolor default="comment" name="comment"/>
    <fontcolor default="error" name="error"/>
    <fontcolor default="whitespace" name="jsp-whitespace"/>
</fontscolors>
