<?xml version="1.0" encoding="UTF-8"?>
<!DOCTYPE fontscolors PUBLIC "-//NetBeans//DTD Editor Fonts and Colors settings 1.1//EN" "http://www.netbeans.org/dtds/EditorFontsColors-1_1.dtd">
<fontscolors>
    <fontcolor default="comment" foreColor="gray" name="javadoc-identifier"/>
    <fontcolor default="public" name="mod-public"/>
    <fontcolor default="interface" name="mod-interface-declaration"/>
    <fontcolor default="operator" name="operator">
        <font style="bold"/>
    </fontcolor>
    <fontcolor default="number" foreColor="yellow" name="number">
        <font style="bold"/>
    </fontcolor>
    <fontcolor default="char" foreColor="ffd82b03" name="character"/>
    <fontcolor default="method-parameter" foreColor="ffff9999" name="mod-parameter"/>
    <fontcolor default="comment" name="javadoc-first-sentence">
        <font style="bold"/>
    </fontcolor>
    <fontcolor default="string" name="string-escape">
        <font style="bold"/>
    </fontcolor>
    <fontcolor default="keyword" foreColor="ffff9900" name="keyword">
        <font style="bold"/>
    </fontcolor>
    <fontcolor default="identifier" foreColor="ff66ccff" name="identifier">
        <font style="bold"/>
    </fontcolor>
    <fontcolor default="field" foreColor="cyan" name="mod-field">
        <font style="italic"/>
    </fontcolor>
    <fontcolor default="method" foreColor="ff99ff99" name="mod-method">
        <font style="italic"/>
    </fontcolor>
    <fontcolor default="interface" name="mod-interface"/>
    <fontcolor default="constructor" foreColor="green" name="mod-constructor-declaration"/>
    <fontcolor default="default" foreColor="ffe0115f" name="html-tag"/>
    <fontcolor default="separator" foreColor="magenta" name="separator">
        <font style="bold"/>
    </fontcolor>
    <fontcolor default="method-parameter" foreColor="ffff9999" name="mod-parameter-declaration"/>
    <fontcolor default="static" name="mod-static"/>
    <fontcolor default="character" name="character-escape">
        <font style="bold"/>
    </fontcolor>
    <fontcolor default="class" foreColor="ff99ff00" name="mod-class-declaration"/>
    <fontcolor default="identifier" name="mod-module"/>
    <fontcolor bgColor="ff66ffff" default="error" foreColor="red" name="errors">
        <font name="Bitstream Vera Sans" size="24" style="bold"/>
    </fontcolor>
    <fontcolor default="field" foreColor="cyan" name="mod-field-declaration">
        <font style="plain"/>
    </fontcolor>
    <fontcolor default="abstract" foreColor="red" name="mod-abstract"/>
    <fontcolor default="string" foreColor="ff999900" name="string"/>
    <fontcolor default="class" foreColor="ff9999ff" name="mod-class"/>
    <fontcolor default="unused" name="mod-unused"/>
    <fontcolor default="method" foreColor="green" name="mod-method-declaration"/>
    <fontcolor default="identifier" name="mod-module-declaration">
        <font style="bold"/>
    </fontcolor>
    <fontcolor default="keyword" foreColor="magenta" name="keyword-directive"/>
    <fontcolor default="keyword" foreColor="ff0066ff" name="literal"/>
    <fontcolor default="deprecated" name="mod-deprecated"/>
    <fontcolor default="interface" name="mod-annotation-type"/>
    <fontcolor default="string" name="string-escape-invalid">
        <font style="plain"/>
    </fontcolor>
    <fontcolor default="local-variable" foreColor="cyan" name="mod-local-variable"/>
    <fontcolor default="keyword" name="mod-keyword"/>
    <fontcolor default="comment" foreColor="gray" name="javadoc-tag">
        <font style="bold"/>
    </fontcolor>
    <fontcolor default="interface" name="mod-annotation-type-declaration"/>
    <fontcolor default="protected" name="mod-protected"/>
    <fontcolor default="character" name="character-escape-invalid">
        <font style="italic"/>
    </fontcolor>
    <fontcolor default="enum" name="mod-enum"/>
    <fontcolor default="local-variable" foreColor="cyan" name="mod-local-variable-declaration"/>
    <fontcolor default="private" name="mod-private"/>
    <fontcolor default="enum" foreColor="orange" name="mod-enum-declaration"/>
    <fontcolor default="private" name="mod-package-private"/>
    <fontcolor default="comment" foreColor="gray" name="comment"/>
    <fontcolor default="whitespace" name="whitespace"/>
    <fontcolor default="constructor" foreColor="ff009933" name="mod-constructor"/>
</fontscolors>
