<?xml version="1.0" encoding="UTF-8"?>
<!DOCTYPE fontscolors PUBLIC "-//NetBeans//DTD Editor Fonts and Colors settings 1.1//EN" "http://www.netbeans.org/dtds/EditorFontsColors-1_1.dtd">
<fontscolors>
    <fontcolor default="number" name="number">
        <font style="bold"/>
    </fontcolor>
    <fontcolor default="method-parameter" name="mod-parameter-declaration">
        <font style="bold+italic"/>
    </fontcolor>
    <fontcolor default="char" name="character">
        <font style="bold"/>
    </fontcolor>
    <fontcolor default="method-parameter" name="mod-parameter">
        <font style="bold+italic"/>
    </fontcolor>
    <fontcolor default="keyword" name="mod-keyword"/>
    <fontcolor default="string" name="string">
        <font style="bold"/>
    </fontcolor>
    <fontcolor default="comment" name="javadoc-first-sentence">
        <font style="bold"/>
    </fontcolor>
    <fontcolor default="keyword" foreColor="yellow" name="keyword">
        <font style="bold"/>
    </fontcolor>
    <fontcolor default="identifier" name="mod-module-declaration">
        <font style="bold"/>
    </fontcolor>
    <fontcolor default="identifier" name="mod-module"/>
    <fontcolor default="operator" name="operator">
        <font style="bold"/>
    </fontcolor>
    <fontcolor default="keyword" foreColor="pink" name="keyword-directive" underline="black"/>
</fontscolors>
